date,AGL.AX,ANZ.AX,BHP.AX,CBA.AX,FMG.AX,NAB.AX,ORG.AX,RIO.AX,WBC.AX
2023-05-22,8.88,23.79,44.2,98.9,20.56,26.57,8.28,109.24,21.06
2023-05-23,9.01,23.97,43.8,99.44,20.45,26.67,8.25,109.38,21.26
2023-05-24,8.96,23.96,42.82,99.93,19.62,26.61,8.32,107.06,21.23
2023-05-25,9.12,23.35,42.15,97.72,19.0,26.04,8.27,105.4,20.89
2023-05-26,9.15,23.47,42.75,98.16,19.62,26.23,8.35,107.77,20.92
2023-05-29,9.39,23.74,43.36,99.57,19.86,26.57,8.37,109.1,21.16
2023-05-30,9.43,23.41,43.49,99.18,19.82,26.52,8.37,109.3,21.11
2023-05-31,9.39,22.92,42.02,96.78,19.22,25.97,8.33,107.0,20.68
2023-06-01,9.21,22.73,42.07,96.8,19.37,26.04,8.36,107.42,20.6
2023-06-02,9.37,22.77,43.25,96.91,19.69,25.79,8.37,110.15,20.54
2023-06-05,9.37,23.12,44.0,97.5,20.4,26.05,8.33,111.59,20.77
2023-06-06,9.54,22.74,43.6,96.56,20.36,25.76,8.35,111.33,20.34
2023-06-07,9.69,22.73,43.62,95.69,20.16,25.3,8.36,111.63,20.03
2023-06-08,9.9,22.68,44.13,95.89,20.5,25.16,8.4,114.0,20.19
2023-06-09,9.85,22.85,44.72,95.8,20.79,25.2,8.4,114.58,20.25
2023-06-13,9.95,22.93,44.29,96.52,20.8,25.22,8.42,112.88,20.3
2023-06-14,9.77,22.92,45.9,97.37,21.7,25.51,8.49,116.15,20.56
2023-06-15,9.66,23.13,46.25,97.99,22.48,25.65,8.48,117.75,20.6
2023-06-16,10.6,23.28,46.42,99.35,22.51,25.85,8.48,118.0,20.91
2023-06-19,10.75,23.62,46.1,100.51,22.33,26.06,8.49,116.63,21.15
2023-06-20,11.06,23.8,46.72,101.62,22.4,26.5,8.45,117.4,21.43
2023-06-21,11.04,23.68,46.22,101.68,22.02,26.53,8.44,115.79,21.22
2023-06-22,11.03,23.3,45.12,100.08,21.53,26.15,8.46,114.39,21.04
2023-06-23,11.06,22.82,44.6,98.51,21.41,25.78,8.46,113.13,20.75
2023-06-26,10.98,22.77,44.45,97.93,21.34,25.57,8.43,112.74,20.68
2023-06-27,10.77,23.12,45.11,98.43,21.95,25.75,8.41,114.64,21.01
2023-06-28,10.81,23.43,45.42,99.54,22.01,26.25,8.4,115.79,21.4
2023-06-29,10.73,23.71,44.95,100.07,22.11,26.35,8.41,114.46,21.42
2023-06-30,10.81,23.71,44.99,100.27,22.18,26.37,8.41,114.69,21.34
2023-07-03,10.98,23.91,45.26,100.94,22.27,26.39,8.46,115.49,21.43
2023-07-04,10.99,24.19,45.2,102.28,22.08,26.72,8.46,114.15,21.68
2023-07-05,11.25,23.99,45.0,101.78,22.13,26.52,8.46,114.15,21.52
2023-07-06,11.15,23.53,43.97,100.43,21.75,25.96,8.43,112.58,21.15
2023-07-07,11.07,23.28,43.2,98.73,21.67,25.66,8.43,111.75,20.85
2023-07-10,11.03,23.26,42.72,98.52,21.23,25.64,8.46,110.48,20.84
2023-07-11,11.14,23.8,43.33,99.62,21.65,26.18,8.47,111.91,21.17
2023-07-12,11.15,24.02,44.07,99.15,22.19,26.42,8.47,113.75,21.21
2023-07-13,11.21,24.36,44.73,100.62,22.48,26.55,8.5,117.2,21.46
2023-07-14,11.4,24.44,45.52,101.33,22.79,26.92,8.58,119.02,21.46
2023-07-17,11.48,24.54,45.26,101.87,22.49,27.12,8.58,117.85,21.43
2023-07-18,11.8,24.95,44.82,102.57,22.71,27.67,8.58,116.88,21.6
2023-07-19,11.8,25.46,44.67,104.65,22.29,27.98,8.64,116.01,22.06
2023-07-20,11.86,25.35,44.62,105.25,22.59,27.94,8.62,116.43,22.12
2023-07-21,12.0,25.16,45.02,104.55,22.54,27.9,8.64,116.78,21.98
2023-07-24,12.11,25.12,44.34,104.43,22.19,27.69,8.59,115.25,21.96
2023-07-25,12.12,25.06,45.82,104.2,23.2,27.61,8.55,119.18,21.73
2023-07-26,12.17,25.46,46.88,105.0,23.73,28.04,8.48,120.81,22.09
2023-07-27,12.23,25.78,46.18,106.53,22.92,28.47,8.47,117.8,22.35
2023-07-28,12.27,25.76,45.8,105.5,21.68,28.38,8.52,116.62,22.28
2023-07-31,12.19,25.75,46.01,105.71,21.68,28.42,8.47,117.07,22.34
2023-08-01,12.28,25.88,46.37,105.85,21.98,28.58,8.49,116.87,22.43
2023-08-02,11.69,25.35,45.85,103.46,21.55,28.11,8.39,115.82,21.98
2023-08-03,11.64,25.26,45.31,102.46,21.28,27.93,8.41,113.88,21.9
2023-08-04,11.46,25.45,45.8,101.87,21.39,27.95,8.42,114.83,21.98
2023-08-07,11.55,25.3,45.57,101.85,21.05,27.96,8.45,113.94,21.83
2023-08-08,11.6,25.24,45.32,102.21,21.14,28.03,8.44,113.46,21.71
2023-08-09,11.58,25.43,45.5,104.85,21.18,28.64,8.43,112.85,22.07
2023-08-10,11.22,25.4,45.78,104.47,21.47,28.6,8.43,109.65,22.14
2023-08-11,11.15,25.35,45.73,104.4,21.0,28.56,8.43,109.0,22.15
2023-08-14,10.98,25.13,44.75,103.7,20.62,28.33,8.42,106.52,21.91
2023-08-15,11.03,25.08,44.62,103.51,20.82,28.7,8.45,106.05,21.97
2023-08-16,11.0,24.82,43.11,99.79,20.19,28.4,8.36,103.65,21.78
2023-08-17,10.84,24.59,43.11,99.65,20.13,27.81,8.51,104.77,21.36
2023-08-18,10.94,24.49,43.69,99.05,20.33,27.68,8.67,105.69,21.27
2023-08-21,10.91,24.24,43.52,98.45,20.42,27.57,8.69,104.82,20.62
2023-08-22,11.16,24.3,43.21,98.67,20.5,27.93,8.66,105.32,20.88
2023-08-23,11.03,24.45,44.03,99.45,21.02,28.04,8.68,107.84,21.14
2023-08-24,11.04,24.56,43.78,100.61,21.06,28.39,8.69,108.83,21.43
2023-08-25,10.96,24.34,43.02,99.57,20.93,27.89,8.65,107.9,21.32
2023-08-28,11.11,24.58,43.55,100.78,19.87,28.26,8.67,108.68,21.38
2023-08-29,11.1,24.8,44.09,101.03,20.5,28.41,8.69,109.88,21.55
2023-08-30,11.07,25.04,44.73,101.84,21.42,28.85,8.71,112.23,21.72
2023-08-31,11.09,25.33,44.85,102.18,21.43,28.96,8.71,112.9,21.95
2023-09-01,11.04,25.17,44.74,101.35,20.3,28.9,8.72,114.23,21.79
2023-09-04,11.08,25.19,45.93,102.01,20.2,28.95,8.63,117.12,21.83
2023-09-05,11.03,25.2,46.1,102.22,20.05,29.01,8.38,117.32,21.53
2023-09-06,10.96,25.06,46.1,101.51,20.34,28.66,8.37,115.98,21.19
2023-09-07,10.85,24.87,43.71,100.9,19.87,28.59,8.43,113.1,21.12
2023-09-08,10.96,24.93,43.19,100.81,19.4,28.65,8.52,111.17,21.17
2023-09-11,10.94,25.28,43.66,102.04,19.63,29.05,8.55,112.4,21.55
2023-09-12,10.99,25.27,44.19,102.11,19.96,29.11,8.53,114.11,21.56
2023-09-13,10.98,25.33,43.8,101.7,19.6,28.98,8.59,113.39,21.49
2023-09-14,10.97,25.6,44.14,102.13,20.41,29.31,8.6,115.45,21.62
2023-09-15,10.92,25.7,45.68,103.16,21.22,29.68,8.64,118.91,21.77
2023-09-18,10.96,25.75,45.76,102.63,21.2,29.58,8.67,119.31,21.79
2023-09-19,10.98,25.51,45.1,102.13,20.97,29.38,8.7,118.54,21.69
2023-09-20,10.75,25.54,44.64,101.84,20.61,29.39,8.67,117.03,21.53
2023-09-21,10.79,25.05,44.1,100.08,20.51,28.75,8.7,115.9,20.99
2023-09-22,10.71,25.03,44.34,100.06,20.81,28.88,8.86,114.57,21.14
2023-09-25,11.03,24.98,44.15,99.88,20.54,28.86,8.89,113.18,21.12
2023-09-26,11.03,25.09,43.3,100.08,20.11,28.88,8.86,110.9,21.05
2023-09-27,10.89,25.2,43.49,100.53,20.37,29.04,8.88,111.05,21.19
2023-09-28,10.8,25.48,43.73,99.95,20.66,28.88,8.83,112.4,21.13
2023-09-29,10.73,25.66,44.25,99.97,20.92,29.07,8.78,113.55,21.15
2023-10-02,10.69,25.49,44.6,99.85,21.06,28.96,8.87,114.84,21.13
2023-10-03,10.24,25.41,43.84,99.69,20.73,28.79,8.73,112.8,21.05
2023-10-04,10.37,24.92,43.72,98.09,20.78,28.31,8.71,113.62,20.74
2023-10-05,10.55,25.09,43.43,98.98,20.78,28.51,8.66,111.91,21.01
2023-10-06,10.41,25.32,43.97,100.04,21.06,28.94,8.72,113.19,21.44
2023-10-09,10.48,25.43,44.03,100.03,20.67,28.96,8.73,113.2,21.42
2023-10-10,10.89,25.57,44.15,100.7,20.83,29.15,9.21,112.2,21.48
2023-10-11,10.86,25.65,44.73,100.64,21.16,29.29,9.21,113.79,21.44
2023-10-12,10.89,25.86,44.84,101.6,21.33,29.56,9.26,114.85,21.63
2023-10-13,10.95,25.71,45.01,100.97,21.47,29.32,9.27,114.74,21.48
2023-10-16,10.8,25.55,45.18,100.67,21.54,29.13,9.3,115.72,21.31
2023-10-17,10.77,25.76,45.57,101.2,21.83,29.37,9.3,117.11,21.48
2023-10-18,10.78,25.82,45.88,101.42,21.91,29.55,9.21,117.41,21.45
2023-10-19,10.7,25.63,45.23,99.78,21.87,29.12,9.22,115.47,21.15
2023-10-20,10.71,25.27,44.43,98.75,21.39,28.65,9.19,114.62,20.86
2023-10-23,10.64,25.22,43.36,97.82,20.81,28.56,9.19,111.85,20.84
2023-10-24,10.45,25.18,43.59,98.07,21.35,28.56,9.16,113.6,20.88
2023-10-25,10.5,24.85,44.72,97.35,22.02,28.32,9.1,116.27,20.8
2023-10-26,10.75,24.79,44.93,97.0,22.21,28.2,9.19,117.67,20.57
2023-10-27,10.89,24.85,45.06,97.8,22.25,28.4,9.21,117.73,20.67
2023-10-30,10.86,24.55,45.11,96.22,22.28,27.88,9.17,118.3,20.46
2023-10-31,10.75,24.71,44.5,96.56,22.3,28.05,9.13,117.58,20.6
2023-11-01,10.77,24.87,45.19,96.87,22.86,28.16,9.07,120.44,20.74
2023-11-02,10.52,25.37,45.38,98.43,23.25,28.57,8.47,121.76,21.17
2023-11-03,10.59,25.6,45.5,99.93,23.23,29.06,8.38,122.6,21.5
2023-11-06,10.5,25.74,45.44,100.42,23.22,29.34,8.54,121.5,21.92
2023-11-07,10.6,25.47,45.56,100.01,23.36,29.04,8.64,121.81,21.33
2023-11-08,10.6,25.56,44.7,100.69,23.1,29.17,8.74,119.37,21.65
2023-11-09,10.59,25.81,44.95,102.11,23.45,28.94,8.87,120.12,21.19
2023-11-10,10.54,25.47,45.27,101.32,23.75,28.46,8.65,120.42,20.86
2023-11-13,10.45,24.7,45.4,101.31,23.69,28.9,8.78,120.13,20.8
2023-11-14,10.54,24.76,46.02,102.28,24.34,27.97,8.5,122.49,21.01
2023-11-15,10.54,25.01,46.84,102.15,25.18,28.08,8.57,125.61,21.15
2023-11-16,10.49,24.19,46.56,102.29,25.2,27.75,8.74,125.17,21.15
2023-11-17,10.45,24.07,46.61,102.47,25.22,27.73,8.6,125.62,21.1
2023-11-20,10.38,24.25,46.74,103.17,25.3,27.93,8.53,125.0,21.22
2023-11-21,10.24,24.29,47.4,103.7,25.47,27.95,8.28,127.37,21.29
2023-11-22,10.23,24.34,47.84,103.8,25.44,27.99,8.42,127.76,21.23
2023-11-23,9.93,24.31,47.15,102.96,24.95,27.99,8.33,126.5,21.31
2023-11-24,9.96,24.4,47.21,103.69,25.03,27.97,8.56,126.8,21.33
2023-11-27,9.86,24.13,46.52,102.61,24.51,28.02,8.53,125.19,21.1
2023-11-28,9.8,24.36,46.43,103.34,24.88,28.36,8.47,124.88,21.25
2023-11-29,9.69,24.18,46.19,103.33,24.78,28.1,8.4,124.58,21.15
2023-11-30,9.43,24.37,46.3,104.66,24.99,28.4,8.24,125.04,21.37
2023-12-01,9.43,24.43,46.34,104.19,25.2,28.43,8.18,124.91,21.27
2023-12-04,9.13,24.45,47.14,105.12,25.29,28.65,7.86,126.92,21.39
2023-12-05,8.96,24.39,46.52,104.71,25.07,28.77,8.03,125.6,21.42
2023-12-06,9.11,24.7,47.23,106.34,25.08,29.32,8.0,126.45,21.79
2023-12-07,9.42,24.6,47.42,106.27,25.48,29.19,7.95,127.76,21.91
2023-12-08,9.68,24.61,47.74,106.44,25.75,29.2,7.84,128.89,21.92
2023-12-11,9.59,24.61,47.54,106.94,25.94,29.3,7.8,128.9,21.94
2023-12-12,9.6,24.8,47.56,107.41,26.36,29.52,7.88,128.53,21.94
2023-12-13,9.48,24.99,47.87,108.15,26.71,29.76,7.85,129.5,22.14
2023-12-14,9.53,25.24,48.25,109.52,27.46,29.95,7.99,130.04,22.29
2023-12-15,9.23,25.54,49.41,110.07,27.85,30.18,7.98,132.86,22.49
2023-12-18,9.09,25.53,49.34,110.0,27.79,30.19,8.02,133.26,22.48
2023-12-19,9.14,25.63,49.62,110.6,28.09,30.35,8.28,134.24,22.65
2023-12-20,9.21,25.81,49.8,110.97,27.88,30.55,8.42,134.37,22.88
2023-12-21,9.45,25.83,49.74,110.56,28.03,30.48,8.4,134.4,22.85
2023-12-22,9.36,25.8,49.73,110.5,28.35,30.39,8.4,134.4,22.84
2023-12-27,9.39,25.82,50.26,111.19,28.55,30.51,8.37,135.12,22.88
2023-12-28,9.46,25.98,50.72,112.29,29.14,30.73,8.39,136.29,23.01
2023-12-29,9.48,25.92,50.41,111.8,29.02,30.7,8.47,135.66,22.9
2024-01-02,9.7,25.99,50.54,113.61,29.39,30.86,8.47,136.57,23.08
2024-01-03,9.65,25.74,49.77,112.13,28.84,30.59,8.43,134.72,22.87
2024-01-04,9.64,25.54,49.58,111.49,28.93,30.46,8.45,134.5,22.64
2024-01-05,9.63,25.62,49.07,112.99,28.19,30.56,8.43,132.36,22.86
2024-01-08,9.51,25.66,48.66,111.98,27.75,30.51,8.42,131.52,22.88
2024-01-09,9.47,25.89,48.97,113.02,28.06,30.9,8.42,131.9,23.1
2024-01-10,9.32,25.83,47.86,112.04,27.56,30.72,8.33,128.9,22.96
2024-01-11,9.25,26.06,47.81,113.6,27.04,30.97,8.32,128.4,23.24
2024-01-12,9.05,25.9,47.71,113.63,27.37,30.91,8.26,129.15,23.19
2024-01-15,8.97,25.95,47.18,113.66,27.24,30.95,8.22,128.32,23.29
2024-01-16,8.89,25.74,46.5,113.0,26.65,30.73,8.02,126.66,23.07
2024-01-17,8.93,25.76,46.57,112.33,26.78,30.74,8.11,126.54,22.9
2024-01-18,8.74,25.79,45.73,112.48,27.05,30.89,8.21,126.86,22.85
2024-01-19,8.75,26.13,45.73,113.28,27.58,31.28,8.13,128.0,23.2
2024-01-22,8.58,26.5,45.85,114.8,27.83,31.63,8.13,128.03,23.45
2024-01-23,8.72,26.62,46.3,115.66,28.05,31.93,8.13,127.8,23.64
2024-01-24,8.78,26.59,46.86,114.7,28.39,31.87,8.27,129.02,23.56
2024-01-25,8.8,26.67,47.54,114.86,28.97,31.79,8.28,132.63,23.7
2024-01-29,8.78,26.85,46.87,115.92,29.25,32.14,8.32,131.82,23.93
2024-01-30,8.72,26.79,47.05,116.05,29.7,32.13,8.3,132.46,23.82
2024-01-31,8.67,27.2,47.27,117.53,29.88,32.6,8.52,132.92,24.18
2024-02-01,8.54,26.92,47.11,114.1,29.5,31.9,8.42,132.29,23.77
2024-02-02,8.17,27.26,47.61,115.81,29.73,32.25,8.47,132.0,24.05
2024-02-05,7.95,27.21,46.45,115.48,28.9,32.34,8.35,129.12,24.18
2024-02-06,7.84,27.43,45.96,114.37,28.05,32.2,8.27,128.41,24.15
2024-02-07,7.98,27.42,46.44,114.55,28.33,32.13,8.49,129.61,24.27
2024-02-08,8.8,27.65,46.42,115.87,28.48,32.46,8.35,129.28,24.41
2024-02-09,8.56,27.68,46.3,116.24,28.26,32.37,8.38,129.87,24.37
2024-02-12,8.7,28.04,46.07,115.73,28.49,32.65,8.42,128.93,24.5
2024-02-13,8.8,28.21,46.32,116.0,28.28,32.93,8.54,129.0,24.55
2024-02-14,8.65,27.81,45.95,114.07,27.69,32.51,8.57,128.26,24.12
2024-02-15,8.4,28.22,45.17,114.16,28.08,32.85,8.78,127.39,24.37
2024-02-16,8.63,28.42,45.61,116.28,28.4,33.07,8.73,128.96,24.57
2024-02-19,8.68,28.5,46.04,117.13,28.4,33.17,8.69,130.96,25.24
2024-02-20,8.56,27.88,45.54,116.95,28.21,33.49,8.67,128.04,25.9
2024-02-21,8.34,28.1,44.47,114.62,27.25,33.61,8.86,125.8,25.89
2024-02-22,8.41,28.02,44.3,114.45,27.83,33.48,9.12,124.36,25.87
2024-02-23,8.39,28.29,44.55,114.83,28.21,33.86,9.07,124.4,25.94
2024-02-26,8.51,28.37,43.97,115.92,27.85,33.9,9.04,122.58,26.04
2024-02-27,8.47,28.51,44.04,117.12,27.52,34.08,8.98,123.13,26.25
2024-02-28,8.55,28.48,43.95,115.96,26.0,33.88,8.95,123.38,26.2
2024-02-29,8.5,28.45,43.93,116.41,25.93,33.84,8.99,123.78,26.35
2024-03-01,8.66,28.75,44.92,117.36,26.21,34.04,9.01,124.87,26.41
2024-03-04,8.58,28.81,44.23,118.12,25.36,34.14,8.9,123.41,26.67
2024-03-05,8.69,28.73,44.63,116.94,25.84,33.76,8.74,124.77,26.65
2024-03-06,8.68,29.02,44.35,118.31,25.75,34.1,8.75,123.64,26.94
2024-03-07,8.56,29.3,43.86,119.25,26.04,34.32,8.86,120.62,27.0
2024-03-08,8.76,29.81,43.95,121.45,25.96,35.11,8.93,119.89,27.7
2024-03-11,8.62,29.24,42.82,118.13,25.04,34.03,8.85,115.59,26.82
2024-03-12,8.7,29.3,42.52,117.74,24.75,33.88,8.95,115.35,27.01
2024-03-13,8.63,29.8,41.95,117.55,24.5,34.45,9.01,116.95,27.5
2024-03-14,8.66,28.68,43.06,116.22,24.53,33.5,8.99,119.19,26.47
2024-03-15,8.61,28.69,42.41,115.54,23.96,33.81,9.12,116.95,26.19
2024-03-18,8.78,28.86,42.41,116.46,23.69,34.03,9.05,117.48,26.33
2024-03-19,8.94,28.8,43.59,115.78,24.54,33.94,9.11,120.39,26.25
2024-03-20,8.75,28.69,43.81,115.65,24.75,33.91,9.08,121.3,26.18
2024-03-21,8.49,29.01,44.15,118.0,25.17,34.78,9.07,121.14,26.67
2024-03-22,8.37,29.04,43.79,117.48,24.64,34.76,9.13,120.56,26.47
2024-03-25,8.38,29.15,43.88,118.79,25.5,34.56,9.1,121.62,26.44
2024-03-26,8.31,29.06,43.62,118.6,25.2,34.46,9.06,121.41,26.24
2024-03-27,8.27,29.26,43.68,120.0,25.19,34.69,9.08,120.93,26.0
2024-03-28,8.34,29.4,44.27,120.34,25.7,34.64,9.2,121.76,26.1
2024-04-02,8.49,29.39,45.13,120.07,25.42,34.82,9.22,122.59,26.11
2024-04-03,8.49,28.94,44.86,117.81,25.19,34.43,9.28,123.06,25.83
2024-04-04,8.59,29.16,44.75,118.35,24.95,34.39,9.33,121.81,26.03
2024-04-05,8.56,29.14,44.35,118.04,24.78,34.33,9.28,120.55,26.02
2024-04-08,8.62,29.22,44.25,118.19,24.86,34.45,9.45,121.76,26.09
2024-04-09,8.85,29.41,45.13,119.15,25.26,34.63,9.51,125.36,26.39
2024-04-10,9.0,29.38,45.46,118.21,25.74,34.63,9.55,127.75,26.39
2024-04-11,9.0,28.96,45.94,116.81,25.78,34.3,9.54,128.24,26.1
2024-04-12,9.01,28.95,45.52,116.24,25.75,34.15,9.77,127.9,26.02
2024-04-15,8.93,29.0,45.77,114.64,25.74,33.93,9.76,132.55,26.16
2024-04-16,8.64,28.36,44.97,112.2,25.03,33.36,9.57,128.7,25.55
2024-04-17,9.19,28.37,44.44,111.94,25.0,33.15,9.81,128.72,25.58
2024-04-18,9.3,28.56,45.09,112.73,25.1,33.45,9.83,130.88,25.73
2024-04-19,9.2,28.25,44.63,111.86,24.6,33.06,9.76,129.52,25.5
2024-04-22,9.3,28.23,45.42,112.88,24.79,33.4,9.82,129.78,25.73
2024-04-23,9.39,28.47,45.5,114.58,24.6,33.84,9.84,129.57,25.97
2024-04-24,9.36,28.54,45.23,115.0,24.76,34.0,9.78,129.38,26.19
2024-04-26,9.37,27.99,43.15,112.99,25.59,33.51,9.71,130.85,25.69
2024-04-29,9.52,28.07,42.97,113.84,25.67,33.62,9.73,130.98,25.76
2024-04-30,9.46,28.16,43.03,114.54,26.05,33.8,9.75,130.49,25.96
2024-05-01,9.45,28.08,42.32,113.92,25.32,33.79,9.7,129.32,25.79
2024-05-02,9.27,28.23,42.38,115.0,25.57,34.28,9.62,129.1,26.03
2024-05-03,9.33,28.48,42.41,115.23,25.66,34.4,9.64,129.24,26.42
2024-05-06,9.32,28.77,42.75,116.59,26.32,34.66,9.8,129.68,27.12
2024-05-07,10.01,28.79,43.42,119.0,26.78,34.14,10.06,131.71,27.89
2024-05-08,10.13,29.12,43.38,119.74,26.64,33.96,10.05,130.2,27.89
2024-05-09,10.35,28.79,43.06,117.09,26.41,33.52,9.95,130.23,26.32
2024-05-10,10.27,29.09,42.91,117.54,26.21,33.81,9.93,130.02,26.66
2024-05-13,10.19,28.21,43.25,119.12,26.05,34.04,9.92,129.04,26.68
2024-05-14,10.14,28.01,43.15,119.33,25.81,33.99,9.96,128.12,26.6
2024-05-15,10.36,27.68,44.09,119.93,26.03,33.75,9.95,129.48,26.36
2024-05-16,10.47,28.26,44.54,122.26,26.61,34.56,10.02,130.39,26.73
2024-05-17,10.3,28.13,44.89,121.04,26.94,34.53,9.92,132.15,26.77
2024-05-20,10.46,28.18,45.72,121.77,27.24,34.73,9.95,135.87,26.97
2024-05-21,10.41,28.31,46.04,121.79,27.01,34.71,10.01,134.09,27.07
2024-05-22,10.46,28.62,46.24,121.5,27.3,34.79,10.16,136.17,27.07
2024-05-23,10.48,28.38,44.91,120.73,26.99,34.4,10.35,133.5,26.87
2024-05-24,10.49,28.11,44.64,118.87,26.77,33.96,10.36,132.5,26.56
2024-05-27,10.48,28.43,45.15,120.1,26.51,34.23,10.44,131.69,26.75
2024-05-28,10.33,28.57,45.08,120.31,26.51,34.28,10.36,131.62,26.64
2024-05-29,10.31,27.87,45.08,118.34,25.57,33.65,10.23,129.66,26.01
2024-05-30,10.2,27.93,44.3,117.99,24.78,33.61,10.1,127.66,25.93
2024-05-31,10.23,28.25,44.51,119.54,24.74,33.91,10.19,128.96,25.98
2024-06-03,10.51,28.58,44.81,121.29,24.78,34.46,10.31,128.52,26.63
2024-06-04,10.46,28.59,44.28,122.46,24.32,34.56,10.21,127.47,26.74
2024-06-05,10.45,28.78,43.9,123.47,24.12,34.8,10.24,125.6,26.76
2024-06-06,10.46,29.06,44.05,124.85,24.06,35.0,10.29,124.51,26.97
2024-06-07,10.49,29.18,44.53,125.55,24.37,35.23,10.35,125.31,26.97
2024-06-11,10.31,28.91,43.74,124.93,23.6,34.87,10.08,122.91,26.69
2024-06-12,10.25,28.78,43.5,124.1,23.29,34.74,9.99,121.04,26.71
2024-06-13,10.23,28.77,43.2,125.48,23.42,35.01,10.09,120.62,26.88
2024-06-14,10.21,28.75,43.09,125.31,23.2,35.02,10.08,120.2,26.79
2024-06-17,10.25,28.8,42.54,125.49,22.98,35.26,10.06,118.16,26.97
2024-06-18,10.42,29.24,42.8,127.98,21.79,36.0,10.41,119.26,27.22
2024-06-19,10.46,29.13,42.74,126.94,21.86,36.17,10.34,119.21,27.12
2024-06-20,10.45,29.19,42.75,127.75,21.9,36.19,10.42,119.67,27.25
2024-06-21,10.55,28.94,42.78,127.68,21.71,36.21,10.76,120.25,27.24
2024-06-24,10.67,28.65,42.43,126.8,21.26,35.96,10.66,118.99,27.15
2024-06-25,10.65,28.82,43.32,128.63,21.67,36.69,10.78,121.45,27.47
2024-06-26,10.7,28.45,43.34,126.9,21.63,36.29,10.83,120.97,27.31
2024-06-27,10.72,28.29,43.15,126.2,21.67,36.03,10.95,121.54,27.09
2024-06-28,10.83,28.24,42.68,127.38,21.41,36.23,10.86,119.0,27.23
2024-07-01,10.68,28.45,43.3,126.2,21.76,36.07,10.93,120.67,27.21
2024-07-02,10.74,28.26,43.16,125.66,21.57,35.69,10.93,119.63,27.11
2024-07-03,10.75,28.15,43.65,125.38,21.92,35.45,10.85,121.11,27.12
2024-07-04,10.6,28.51,44.77,127.86,22.62,35.77,10.69,124.27,27.35
2024-07-05,10.56,28.65,44.39,127.1,22.41,35.33,10.77,122.87,27.2
2024-07-08,10.5,28.71,43.48,126.47,21.82,35.33,10.71,119.9,27.13
2024-07-09,10.51,29.29,43.74,128.69,21.86,35.84,10.83,120.6,27.68
2024-07-10,10.3,29.7,43.17,128.54,21.59,35.82,10.65,119.37,27.52
2024-07-11,10.42,29.34,43.56,129.92,22.0,36.2,10.62,119.62,27.63
2024-07-12,10.44,29.6,43.4,131.66,22.1,36.95,10.64,119.83,27.9
2024-07-15,10.44,29.83,43.67,132.69,22.48,37.25,10.69,119.84,28.11
2024-07-16,10.35,29.78,43.08,132.44,22.59,37.38,10.58,116.81,28.18
2024-07-17,10.4,29.97,42.7,133.5,22.36,37.77,10.68,116.46,28.48
2024-07-18,10.38,30.06,42.66,132.66,22.04,37.69,10.72,115.94,28.48
2024-07-19,10.34,29.71,41.76,131.63,21.62,37.24,10.63,113.99,28.22
2024-07-22,10.23,29.49,41.64,131.68,21.52,36.92,10.58,114.45,28.07
2024-07-23,10.33,29.71,41.46,133.14,21.21,37.36,10.68,113.81,28.32
2024-07-24,10.37,29.49,41.56,132.78,21.32,37.59,10.64,114.43,28.53
2024-07-25,10.27,29.32,41.19,132.6,20.14,37.24,10.48,112.81,28.34
2024-07-26,10.26,29.16,42.1,133.14,20.35,37.41,10.51,115.91,28.59
2024-07-29,10.28,28.82,42.07,134.9,20.35,37.9,10.68,115.87,28.99
2024-07-30,10.26,28.52,41.54,135.95,18.28,37.92,10.6,114.66,29.08
2024-07-31,10.38,29.05,42.3,137.49,18.87,38.58,10.49,117.48,29.8
2024-08-01,10.56,29.24,42.49,136.27,18.99,38.05,10.54,119.7,29.71
2024-08-02,10.57,28.71,41.98,132.46,18.75,36.5,10.54,118.75,28.98
2024-08-05,10.29,27.43,41.11,124.89,18.4,34.81,10.22,118.68,27.68
2024-08-06,10.46,27.3,41.26,127.69,18.6,35.05,10.27,118.29,27.82
2024-08-07,10.66,27.36,41.02,127.34,18.44,34.74,10.34,116.65,27.62
2024-08-08,10.75,27.65,40.21,129.11,18.1,35.31,10.4,114.16,27.85
2024-08-09,10.82,27.96,40.86,129.55,18.49,35.63,10.49,116.47,28.05
2024-08-12,10.9,28.22,40.64,130.53,18.24,35.99,10.55,114.88,28.22
2024-08-13,10.81,28.68,40.75,132.52,18.16,36.2,10.52,115.42,28.52
2024-08-14,11.06,28.73,39.62,134.21,17.32,35.79,10.6,112.43,28.85
2024-08-15,11.57,29.19,39.21,134.9,16.82,35.94,9.6,108.4,29.3
2024-08-16,11.77,29.59,40.01,138.13,17.34,36.48,9.66,110.09,29.66
2024-08-19,11.98,29.74,39.73,139.25,17.01,36.91,9.9,109.82,30.4
2024-08-20,12.01,29.93,40.25,139.6,17.26,36.88,10.07,110.47,30.32
2024-08-21,11.8,29.95,40.88,136.03,17.97,36.81,10.02,111.93,30.28
2024-08-22,11.63,29.95,40.94,136.46,18.33,36.9,9.99,112.17,30.05
2024-08-23,11.48,29.3,40.67,136.8,17.97,36.93,9.79,110.73,30.03
2024-08-26,11.45,29.67,40.84,138.81,18.31,37.75,9.83,111.02,30.67
2024-08-27,11.27,29.62,41.35,137.43,18.63,37.36,9.91,111.88,30.49
2024-08-28,11.39,29.92,40.76,138.57,18.44,37.7,9.97,110.89,30.83
2024-08-29,11.36,30.04,40.53,138.8,18.56,37.94,9.96,109.99,31.08
2024-08-30,11.61,30.4,40.77,139.5,18.27,38.17,9.96,111.55,31.24
2024-09-02,11.67,30.66,40.33,141.77,18.18,38.65,9.91,109.94,31.6
2024-09-03,11.7,30.95,39.63,143.38,17.7,38.92,9.87,108.12,31.81
2024-09-04,11.56,30.46,38.64,139.94,16.2,37.95,9.79,105.68,31.13
2024-09-05,11.56,31.25,38.91,141.35,16.13,38.5,9.53,107.09,31.58
2024-09-06,11.53,31.79,38.45,143.47,16.12,39.05,9.61,107.02,32.1
2024-09-09,11.47,31.52,38.76,142.95,16.2,38.93,9.56,106.83,31.87
2024-09-10,11.59,31.4,38.66,143.77,15.88,38.95,9.66,107.11,32.31
2024-09-11,11.59,30.84,39.34,141.05,16.3,38.38,9.66,108.35,31.84
2024-09-12,11.74,31.3,38.81,142.96,16.66,38.76,9.73,110.41,32.3
2024-09-13,11.58,31.15,39.6,141.65,17.5,38.28,9.72,111.42,32.1
2024-09-16,11.39,31.2,39.55,142.99,17.19,38.78,9.55,110.81,32.79
2024-09-17,11.45,31.21,39.55,143.04,17.49,38.86,9.55,110.75,33.03
2024-09-18,11.5,31.15,39.19,143.32,17.43,39.42,9.76,109.74,33.16
2024-09-19,11.68,31.5,40.19,144.02,17.64,39.5,10.03,113.61,33.37
2024-09-20,11.74,31.89,40.34,144.5,17.63,39.67,10.09,113.02,33.57
2024-09-23,11.91,31.7,39.81,142.39,17.69,39.7,10.19,112.34,33.61
2024-09-24,11.9,31.11,41.12,138.06,18.0,38.5,10.17,116.45,32.82
2024-09-25,11.84,30.78,42.7,134.89,18.85,37.48,10.08,120.85,32.55
2024-09-26,12.09,30.75,43.36,134.35,19.4,37.61,10.08,123.22,32.34
2024-09-27,11.98,30.44,44.74,134.16,20.1,36.94,9.95,127.45,31.8
2024-09-30,11.83,30.48,45.96,135.39,20.68,37.35,10.01,129.13,31.72
2024-10-01,11.88,30.15,44.64,133.34,19.96,37.13,10.19,125.74,31.19
2024-10-02,11.86,30.11,45.06,134.19,20.14,36.98,10.37,125.96,31.11
2024-10-03,11.81,30.08,45.37,134.61,19.98,37.0,10.32,126.04,30.71
2024-10-04,11.95,29.64,44.58,132.74,19.76,36.43,10.34,123.68,30.14
2024-10-07,11.89,29.99,44.86,134.77,20.35,37.12,10.19,121.17,30.78
2024-10-08,11.94,30.11,43.79,134.97,19.27,37.27,10.29,120.99,30.91
2024-10-09,11.92,30.23,43.28,135.63,18.97,37.46,10.32,118.24,31.02
2024-10-10,11.74,30.32,43.9,136.19,19.73,37.29,10.18,119.87,30.9
2024-10-11,11.73,30.39,43.43,135.64,19.47,37.28,10.24,119.58,30.86
2024-10-14,11.71,30.86,43.8,136.82,20.02,37.63,10.19,121.0,31.05
2024-10-15,11.85,31.15,44.01,139.29,20.47,38.18,10.14,122.07,31.56
2024-10-16,11.63,31.4,43.54,139.8,20.47,38.45,9.99,120.78,31.74
2024-10-17,11.74,31.82,42.99,142.0,19.91,39.12,10.05,118.63,32.55
2024-10-18,11.47,31.59,42.06,142.85,19.54,39.18,9.81,117.62,32.41
2024-10-21,11.59,31.51,42.64,144.45,19.84,39.42,9.89,119.81,32.51
2024-10-22,11.59,31.25,42.14,141.23,19.53,38.58,9.66,118.15,31.93
2024-10-23,11.59,31.36,42.43,141.78,19.77,38.62,9.65,118.46,32.03
2024-10-24,11.5,31.71,42.25,143.43,19.13,38.9,9.7,117.78,32.11
2024-10-25,11.58,31.71,42.39,144.02,18.99,38.95,9.66,118.08,32.14
2024-10-28,11.34,31.45,42.96,142.86,19.41,38.67,9.67,120.12,32.16
2024-10-29,11.22,31.56,43.04,144.17,19.46,38.91,9.62,121.1,32.24
2024-10-30,11.15,31.22,43.11,142.93,19.19,38.46,9.5,120.31,32.01
2024-10-31,10.48,31.15,42.64,142.75,19.17,38.8,9.63,119.31,32.12
2024-11-01,10.53,31.07,42.78,142.09,19.49,38.21,9.72,121.33,32.1
2024-11-04,10.65,31.26,42.6,144.35,19.22,38.71,9.85,119.74,32.4
2024-11-05,10.61,31.1,42.63,143.85,19.09,38.64,9.79,119.42,31.92
2024-11-06,10.56,31.27,42.6,145.46,18.88,39.25,9.87,119.38,32.26
2024-11-07,10.56,31.71,42.99,147.26,19.5,39.33,9.87,121.66,31.51
2024-11-08,10.62,32.13,43.4,149.32,19.55,39.65,9.91,123.31,32.14
2024-11-11,10.55,32.14,41.63,149.79,18.12,39.99,9.9,119.47,32.0
2024-11-12,10.58,32.57,40.9,150.25,18.14,38.8,10.01,117.54,32.1
2024-11-13,10.55,31.27,40.55,149.62,18.29,38.3,10.1,113.66,32.01
2024-11-14,10.46,31.63,40.01,152.84,17.94,38.7,10.15,113.92,32.44
2024-11-15,10.7,32.45,40.07,155.13,17.73,39.22,10.39,113.75,33.06
2024-11-18,10.85,32.46,40.36,153.02,17.95,39.16,10.6,116.21,33.24
2024-11-19,10.95,32.34,40.31,155.61,17.75,39.54,10.71,115.7,33.39
2024-11-20,10.96,32.18,40.08,156.38,17.75,39.32,10.73,115.9,33.03
2024-11-21,10.78,32.25,39.81,156.24,18.11,39.51,10.8,116.44,33.54
2024-11-22,10.9,32.26,40.16,159.03,18.31,40.07,11.0,117.18,33.83
2024-11-25,11.04,31.83,40.2,160.14,18.38,39.61,10.76,116.71,33.41
2024-11-26,11.16,31.3,39.86,154.46,18.3,39.14,10.69,117.1,32.95
2024-11-27,11.17,31.39,39.78,157.57,18.65,39.19,10.8,117.18,33.13
2024-11-28,11.16,31.5,40.07,158.58,18.7,39.53,10.9,117.14,33.4
2024-11-29,11.2,31.17,40.57,158.58,18.99,39.1,10.87,118.24,33.36
2024-12-02,11.18,31.37,40.72,158.19,19.04,39.3,10.91,119.28,33.27
2024-12-03,11.16,31.71,40.66,157.78,19.43,39.6,10.77,119.05,33.61
2024-12-04,11.08,31.19,41.05,156.93,19.7,39.06,10.7,120.08,33.09
2024-12-05,11.07,31.18,40.59,157.99,19.71,38.94,10.62,120.78,33.24
2024-12-06,11.05,31.15,40.7,157.06,19.49,38.8,10.63,119.78,32.76
2024-12-09,10.97,30.03,40.59,159.38,19.25,38.73,10.66,119.49,32.87
2024-12-10,10.92,29.48,41.83,157.63,20.45,37.64,10.63,125.28,32.24
2024-12-11,10.92,29.09,42.0,157.52,20.1,37.59,10.46,123.81,32.12
2024-12-12,10.8,29.12,41.79,157.52,20.22,37.62,10.44,124.15,31.96
2024-12-13,10.73,29.13,41.17,158.21,19.48,37.57,10.41,120.72,32.17
2024-12-16,10.71,29.19,40.35,158.64,18.74,37.64,10.43,118.64,32.41
2024-12-17,10.8,29.42,40.24,161.13,18.67,38.19,10.44,118.51,32.64
2024-12-18,10.82,29.36,40.27,159.73,18.57,37.99,10.62,118.49,32.85
2024-12-19,10.74,28.61,39.68,155.99,17.85,37.2,10.4,117.4,32.05
2024-12-20,10.98,27.94,39.59,150.26,18.2,36.37,10.54,116.74,31.67
2024-12-23,10.98,28.6,39.9,154.68,18.4,37.14,10.81,117.14,32.29
2024-12-24,11.02,28.74,39.73,155.12,18.4,37.39,10.89,116.16,32.43
2024-12-27,11.09,28.82,39.77,156.21,18.52,37.58,10.84,116.83,32.66
2024-12-30,11.26,28.77,39.84,155.08,18.5,37.4,10.86,117.87,32.55
2024-12-31,11.29,28.54,39.55,153.25,18.25,37.1,10.9,117.46,32.32
2025-01-02,11.39,28.59,39.96,153.57,18.81,37.24,10.88,118.21,32.41
2025-01-03,11.42,28.86,39.76,155.03,18.41,37.55,10.91,117.47,32.64
2025-01-06,11.41,28.84,38.98,156.02,18.05,37.83,10.99,115.44,32.7
2025-01-07,11.2,29.02,38.7,157.11,17.25,37.82,10.91,114.65,32.87
2025-01-08,11.23,29.52,39.4,159.75,17.57,38.51,11.0,115.93,33.33
2025-01-09,11.18,29.37,39.27,158.79,17.91,38.36,11.13,116.45,33.16
2025-01-10,11.33,29.29,39.68,156.05,17.93,37.95,11.08,119.04,32.6
2025-01-13,11.52,28.9,39.59,152.76,17.98,37.22,11.19,118.79,31.87
2025-01-14,11.5,29.02,40.16,151.96,18.5,37.18,11.24,119.8,31.8
2025-01-15,11.41,29.19,39.78,151.27,18.84,37.4,11.19,119.49,31.86
2025-01-16,11.64,29.98,39.98,155.75,18.89,38.45,11.12,119.61,32.66
2025-01-17,11.72,29.45,40.05,153.9,19.22,37.78,11.15,118.74,32.16
2025-01-20,11.82,29.57,40.24,155.06,19.16,38.08,11.2,120.09,32.29
2025-01-21,11.65,30.15,40.61,156.2,19.37,38.87,10.94,120.61,32.74
2025-01-22,11.73,30.22,39.8,157.75,19.03,39.26,11.17,119.61,32.98
2025-01-23,11.62,30.2,39.12,157.85,18.62,39.16,11.32,118.0,32.96
2025-01-24,11.7,30.18,39.31,158.65,18.81,39.4,11.36,118.33,33.02
2025-01-28,11.43,30.52,39.48,159.28,18.88,39.82,10.97,117.68,33.4
2025-01-29,11.79,30.62,39.13,159.09,19.09,39.49,11.15,116.23,33.55
2025-01-30,11.74,30.67,39.48,160.61,19.14,39.9,11.2,117.05,33.78
2025-01-31,11.52,30.62,39.95,160.56,19.13,40.14,10.45,117.4,33.73
2025-02-03,11.64,30.2,39.24,158.13,18.29,39.22,10.26,114.91,33.16
2025-02-04,11.47,30.13,39.53,157.7,18.62,39.12,10.23,116.76,33.11
2025-02-05,11.68,30.17,40.13,158.57,18.99,39.39,10.19,119.18,33.28
2025-02-06,11.82,30.95,40.26,162.64,19.36,40.38,10.14,120.18,34.0
2025-02-07,11.72,31.01,40.48,162.67,19.72,40.7,10.0,120.77,34.04
2025-02-10,11.69,30.91,40.09,162.83,19.42,40.54,10.12,119.32,34.03
2025-02-11,11.71,31.01,40.12,162.16,19.12,40.43,10.2,119.71,34.26
2025-02-12,11.73,31.23,40.14,165.98,19.32,41.11,10.26,119.0,34.65
2025-02-13,10.96,31.24,40.99,166.72,19.66,41.24,10.14,120.35,34.65
2025-02-14,10.71,31.29,40.92,165.44,19.52,40.99,10.32,121.17,34.71
2025-02-17,10.72,31.16,40.8,164.97,19.41,40.52,10.6,120.94,33.3
2025-02-18,10.6,30.61,40.97,162.6,19.57,39.51,10.55,120.66,32.31
2025-02-19,10.72,30.13,40.98,158.94,19.45,36.3,10.7,121.95,32.2
2025-02-20,10.69,29.21,40.15,155.73,18.24,35.11,10.55,120.09,31.22
2025-02-21,10.56,28.79,41.26,151.73,18.65,35.08,10.65,123.49,31.03
2025-02-24,10.74,29.55,40.8,156.23,18.5,35.9,10.83,119.8,31.28
2025-02-25,10.52,29.34,40.31,154.27,17.98,35.39,10.79,119.06,31.25
2025-02-26,10.54,29.75,39.71,156.26,16.86,35.53,10.95,115.02,31.51
2025-02-27,10.48,29.89,40.02,156.29,17.15,35.45,11.04,116.69,31.62
2025-02-28,10.46,29.79,39.04,156.74,16.51,35.3,10.94,113.37,31.81
2025-03-03,10.57,29.76,39.6,157.13,16.71,35.32,10.97,117.41,31.8
2025-03-04,10.63,29.62,39.48,157.76,16.15,35.05,10.51,117.18,31.87
2025-03-05,10.54,29.36,39.54,156.39,15.93,34.55,10.51,117.5,31.54
2025-03-06,10.11,29.38,39.23,153.59,16.11,34.59,10.34,114.92,31.26
2025-03-07,10.07,28.67,38.98,148.5,15.92,34.26,10.2,115.2,30.57
2025-03-10,10.07,28.72,39.2,148.14,15.86,34.07,10.23,118.71,30.4
2025-03-11,10.13,29.02,39.65,146.92,15.7,34.1,10.37,119.34,30.69
2025-03-12,10.34,28.41,38.95,144.8,15.93,33.38,10.33,117.23,30.07
2025-03-13,10.26,28.34,38.24,144.0,15.85,33.21,10.19,115.99,29.63
2025-03-14,10.62,28.29,38.65,142.36,16.27,33.3,10.38,117.1,29.61
2025-03-17,10.62,28.69,39.58,144.66,16.95,33.24,10.58,119.2,29.89
2025-03-18,10.8,28.88,39.62,144.2,16.66,32.59,10.81,119.53,30.18
2025-03-19,10.58,28.72,39.56,142.77,16.49,32.65,10.6,118.7,30.12
2025-03-20,10.55,29.16,39.13,145.93,15.94,33.09,10.61,117.5,30.61
2025-03-21,10.67,29.3,39.54,145.6,15.79,33.18,10.7,118.58,30.74
2025-03-24,10.73,29.53,39.32,147.63,16.3,33.91,10.63,119.1,31.27
2025-03-25,10.62,28.59,39.04,148.63,16.09,33.75,10.58,118.78,31.08
2025-03-26,10.65,29.44,39.52,150.23,16.21,33.98,10.65,119.96,31.44
2025-03-27,10.61,29.48,39.64,150.04,16.21,34.1,10.71,120.09,31.65
2025-03-28,10.68,29.64,39.69,150.43,16.01,34.17,10.67,121.26,31.89
2025-03-31,10.52,29.09,38.2,150.93,15.37,34.02,10.53,115.49,31.57
2025-04-01,10.71,29.48,38.89,153.23,15.65,34.38,10.81,117.1,31.57
2025-04-02,10.6,29.66,38.32,154.82,15.4,34.6,10.83,115.08,31.9
2025-04-03,10.69,29.25,37.01,156.37,14.94,34.18,10.79,111.94,31.74
2025-04-04,10.54,28.18,36.82,154.0,14.85,33.7,9.83,112.7,30.99
2025-04-07,10.08,26.83,34.57,144.41,14.32,32.19,9.7,108.4,29.25
2025-04-08,10.33,27.07,35.38,148.46,14.82,32.49,9.72,109.48,29.67
2025-04-09,10.46,26.51,34.16,149.14,14.2,32.25,9.8,103.99,29.17
2025-04-10,10.83,27.43,36.0,154.53,15.08,33.82,10.12,110.59,30.61
2025-04-11,10.27,26.96,35.42,154.68,15.07,33.24,10.0,109.29,30.04
2025-04-14,10.32,27.42,36.37,157.29,15.2,33.55,10.09,110.85,30.51
2025-04-15,10.35,27.62,36.5,158.04,15.32,33.77,10.11,111.4,30.76
2025-04-16,10.26,27.92,36.07,159.32,14.95,34.12,10.15,108.37,31.22
2025-04-17,10.3,28.04,36.48,161.25,15.09,33.99,10.17,111.54,31.15
2025-04-22,10.06,27.86,36.51,168.0,14.95,33.83,10.16,111.62,31.18
2025-04-23,10.38,28.4,37.72,163.77,15.36,34.9,10.29,113.83,31.7
2025-04-24,10.42,28.84,38.06,164.72,15.52,35.11,10.32,114.92,32.04
2025-04-28,10.54,29.31,37.66,162.85,15.47,35.7,10.46,115.0,32.3
2025-04-29,10.76,29.55,38.19,162.98,16.37,35.95,10.79,116.56,32.66
2025-04-30,10.63,29.86,38.19,166.6,16.19,36.13,10.64,117.1,32.84
2025-05-01,10.68,29.74,37.83,167.25,16.18,36.0,10.64,115.9,32.82
2025-05-02,10.83,30.36,38.08,169.66,16.35,36.49,10.86,116.66,33.45
2025-05-05,10.93,30.06,37.75,166.93,15.97,35.85,10.63,115.59,32.45
2025-05-06,10.93,29.84,37.6,166.74,15.99,35.3,10.72,115.26,31.81
2025-05-07,10.77,29.98,37.93,165.96,16.09,35.87,10.81,115.93,31.79
2025-05-08,10.99,29.4,37.92,165.51,15.98,36.37,10.99,116.08,30.5
2025-05-09,11.05,28.98,37.54,167.04,15.96,36.53,11.03,114.98,31.21
2025-05-12,10.99,29.21,38.4,167.18,16.17,35.69,10.96,117.35,31.08
2025-05-13,10.73,28.51,39.21,166.14,16.6,35.61,11.1,119.85,31.64
2025-05-14,10.36,28.53,39.45,167.5,16.97,36.1,10.98,120.49,31.26
2025-05-15,10.31,29.0,39.19,169.74,16.79,36.59,10.97,120.02,31.52
2025-05-16,10.46,28.9,39.72,169.66,17.0,37.01,10.93,121.05,31.61
2025-05-19,10.36,28.4,38.75,171.36,16.17,36.84,11.06,119.46,31.37
2025-05-20,10.29,28.76,38.6,172.43,16.14,37.21,11.03,119.22,31.5
2025-05-21,10.31,28.85,38.65,174.98,16.13,37.64,11.14,119.56,31.57
2025-05-22,10.22,28.85,38.63,172.72,15.89,37.37,11.17,118.88,31.32
2025-05-23,10.24,29.07,38.35,173.84,15.51,37.7,11.05,117.0,31.34
2025-05-26,10.28,28.66,38.57,173.88,15.54,37.4,10.51,115.21,31.25
2025-05-27,10.26,29.06,38.64,175.34,15.58,37.75,10.45,115.25,31.78
2025-05-28,10.27,28.88,38.45,173.79,15.55,37.34,10.55,114.17,31.47
2025-05-29,10.22,28.92,38.15,174.44,15.68,37.5,10.6,113.39,31.71
2025-05-30,10.15,29.04,38.25,175.95,15.39,38.0,10.82,112.66,32.56
2025-06-02,10.16,28.98,37.78,176.42,15.0,37.74,10.64,110.75,32.18
2025-06-03,10.3,29.36,37.56,178.64,15.02,38.19,10.7,110.02,32.62
2025-06-04,10.45,29.64,37.95,181.1,15.26,38.6,10.72,109.68,33.1
2025-06-05,10.39,29.63,37.98,181.34,15.49,38.51,10.58,110.01,33.26
2025-06-06,10.37,29.5,38.23,179.9,15.65,38.58,10.59,109.6,33.18
2025-06-10,10.31,29.83,38.48,182.0,15.67,39.17,10.67,109.12,33.5
2025-06-11,10.24,29.94,39.05,181.4,16.21,39.07,10.68,109.38,33.63
2025-06-12,10.15,29.79,38.34,180.53,15.66,38.99,10.78,107.58,33.35
2025-06-13,10.55,29.63,37.34,179.35,15.73,38.87,11.45,106.38,33.36
2025-06-16,10.51,29.6,37.44,179.41,15.72,38.94,11.35,107.11,33.19
2025-06-17,10.4,29.46,37.3,179.14,15.66,38.8,11.25,107.15,33.01
2025-06-18,10.33,29.04,36.86,180.18,15.03,38.71,11.0,106.0,33.02
2025-06-19,10.19,29.13,36.13,182.85,14.77,39.12,10.85,103.55,33.59
2025-06-20,10.08,28.39,36.21,182.53,14.69,38.91,10.9,102.17,33.21
2025-06-23,9.97,28.21,35.64,184.35,14.54,38.88,10.99,101.83,33.42
2025-06-24,9.87,28.6,36.48,188.13,15.23,39.75,10.72,104.94,34.29
2025-06-25,9.88,29.1,36.11,191.4,14.88,40.05,10.74,104.3,34.54
2025-06-26,9.91,29.74,36.12,190.71,14.93,39.89,10.75,104.19,34.57
2025-06-27,9.79,29.2,37.53,185.36,15.46,39.26,10.85,108.97,33.9
2025-06-30,9.73,29.16,36.75,184.75,15.28,39.36,10.79,107.13,33.86
2025-07-01,9.82,29.89,36.57,182.58,15.38,39.7,10.87,106.12,33.87
2025-07-02,9.88,29.92,37.2,183.67,15.97,39.33,10.92,108.3,33.72
2025-07-03,9.87,30.08,39.27,179.69,16.26,38.91,10.81,110.25,33.48
2025-07-04,10.05,30.32,38.73,178.0,16.33,39.15,10.82,108.8,33.63
2025-07-07,9.98,30.13,38.6,177.81,16.34,39.04,11.55,108.62,33.48
2025-07-08,9.73,30.21,38.24,179.28,16.23,39.29,11.44,108.19,33.47
2025-07-09,9.83,30.06,37.85,178.9,16.2,39.3,11.63,107.59,33.7
2025-07-10,9.81,30.29,38.3,180.37,16.51,39.74,11.68,108.62,33.87
2025-07-11,9.58,30.33,39.36,179.42,16.98,39.61,11.75,111.1,33.81
2025-07-14,9.57,30.08,39.73,178.72,16.9,39.66,11.64,111.74,33.56
2025-07-15,9.55,30.29,39.39,179.76,16.78,39.61,11.84,110.28,33.79
2025-07-16,9.47,30.12,39.11,177.57,16.86,38.27,11.71,110.52,33.3
2025-07-17,9.57,30.45,39.11,180.8,16.91,38.7,11.87,111.1,33.7
2025-07-18,9.73,30.82,40.29,182.46,17.0,39.19,12.0,113.11,34.31
2025-07-21,9.74,30.05,40.46,177.87,17.25,38.25,12.0,114.46,33.07
2025-07-22,9.89,29.82,41.51,172.42,17.81,37.22,12.07,118.32,32.65
2025-07-23,9.86,30.57,41.85,173.3,18.21,37.2,12.04,119.47,33.11
2025-07-24,9.78,30.44,41.6,173.47,19.0,37.66,12.05,119.86,33.29
2025-07-25,9.78,30.22,40.8,172.87,18.35,37.51,12.04,118.86,33.03
2025-07-28,9.78,30.31,40.3,174.9,18.14,37.76,11.88,116.95,33.21
2025-07-29,9.73,30.32,40.42,174.29,18.08,38.2,11.92,116.93,33.19
2025-07-30,9.71,30.7,40.22,176.99,18.19,38.47,11.68,115.81,33.72
2025-07-31,9.72,30.72,39.25,177.91,17.77,38.91,11.67,111.7,33.82
2025-08-01,9.76,30.87,39.22,175.06,17.98,38.44,11.76,110.9,33.45
2025-08-04,9.9,30.39,39.59,174.93,18.25,38.19,11.82,111.39,33.2
2025-08-05,10.0,30.83,39.8,177.34,18.34,38.8,11.98,111.87,33.66
2025-08-06,9.94,30.87,39.9,179.08,18.58,38.99,11.95,112.95,33.91
2025-08-07,10.07,30.96,39.87,178.13,18.51,38.82,11.88,112.36,33.99
2025-08-08,10.11,30.88,40.21,176.61,18.85,38.49,11.94,113.62,33.66
2025-08-11,10.04,31.24,40.87,178.6,19.42,38.82,11.93,115.29,34.31
2025-08-12,10.22,31.93,41.26,178.8,19.66,39.19,12.02,116.72,34.63
2025-08-13,8.88,31.87,41.73,169.12,19.93,38.16,11.84,117.84,33.9
2025-08-14,9.07,32.5,41.51,167.21,19.59,38.88,12.59,113.45,36.04
2025-08-15,8.71,33.08,41.96,168.17,19.84,39.19,12.78,115.05,36.81
2025-08-18,8.72,32.57,41.47,170.19,19.72,40.23,12.77,113.3,37.07
2025-08-19,8.67,32.77,42.12,171.05,19.69,40.54,12.83,113.05,37.31
2025-08-20,8.66,33.41,41.75,172.4,19.38,42.03,12.92,112.9,38.23
2025-08-21,8.54,33.92,42.06,173.8,19.71,42.39,13.07,114.01,38.73
2025-08-22,8.57,33.87,42.0,172.84,19.5,42.47,13.04,112.71,38.98
2025-08-25,8.46,33.4,43.14,170.3,20.0,41.71,12.96,115.42,38.29
2025-08-26,8.12,33.15,42.65,169.08,19.22,41.86,12.91,115.42,38.3
2025-08-27,8.21,33.38,43.22,169.83,19.06,41.95,12.92,116.63,38.5
2025-08-28,8.03,33.69,43.01,173.35,19.34,42.94,12.99,115.41,39.01
2025-08-29,8.23,33.67,43.19,170.3,19.3,42.79,12.92,115.47,38.61
2025-09-01,8.28,33.57,42.7,168.95,18.52,42.54,12.91,113.99,38.25
2025-09-02,8.22,33.48,42.85,170.46,18.4,42.96,12.83,114.44,38.57
2025-09-03,8.17,32.76,42.29,164.55,18.33,41.97,12.37,113.57,37.16
2025-09-04,8.23,33.2,41.98,168.0,18.66,42.81,12.4,116.15,37.9
2025-09-05,8.23,33.29,41.61,168.14,18.87,43.17,12.42,117.23,38.17
2025-09-08,8.23,32.95,41.37,168.24,18.81,42.84,12.37,118.21,37.96
2025-09-09,8.24,32.88,40.97,166.08,19.09,42.78,12.41,116.94,37.65
2025-09-10,8.2,33.37,40.46,168.54,18.64,43.41,12.45,114.57,38.29
2025-09-11,8.37,32.84,40.27,167.77,18.64,43.02,12.45,114.24,37.95
2025-09-12,8.47,33.19,40.81,169.97,18.8,43.54,12.4,115.44,38.48
2025-09-15,8.59,32.99,40.58,168.9,18.91,43.79,12.5,115.31,38.73
2025-09-16,8.61,32.78,40.77,168.33,19.12,44.09,12.58,117.49,39.03
2025-09-17,8.64,32.89,40.31,168.15,18.88,43.42,12.74,116.33,38.64
2025-09-18,8.7,32.86,39.97,164.33,18.75,43.36,12.41,115.54,38.68
2025-09-19,8.73,33.05,39.64,166.17,18.72,43.79,12.55,114.0,38.55
2025-09-22,8.71,33.02,40.03,165.57,19.31,43.65,12.64,116.92,38.56
2025-09-23,8.78,33.27,40.22,166.87,19.1,44.09,12.65,118.28,38.84
2025-09-24,8.71,32.67,40.24,164.53,19.13,43.1,12.77,117.54,37.58
2025-09-25,8.7,32.78,41.67,163.74,19.14,43.22,12.89,121.77,37.91
2025-09-26,8.95,32.83,42.22,164.88,19.13,43.64,12.54,123.2,38.17
2025-09-29,8.91,33.39,41.91,168.43,18.73,44.29,12.57,121.25,38.95
2025-09-30,8.85,33.21,42.53,166.9,18.68,44.15,12.5,122.03,38.97
2025-10-01,9.22,33.28,41.47,167.06,18.94,44.01,12.48,122.58,38.74
2025-10-02,9.17,33.93,41.94,169.82,19.19,44.42,12.45,124.05,39.19
2025-10-03,9.09,34.2,42.08,170.38,19.29,44.6,12.27,125.06,39.31
2025-10-06,9.02,34.02,41.9,169.96,19.47,44.67,12.37,123.58,39.37
2025-10-07,8.98,34.19,41.96,169.34,19.25,44.56,12.4,124.18,39.37
2025-10-08,9.02,34.37,41.89,169.42,19.2,44.39,12.31,125.29,39.27
2025-10-09,8.88,34.8,43.11,167.31,19.46,43.77,12.26,127.27,39.1
2025-10-10,8.9,34.86,42.22,168.34,19.16,44.02,12.28,125.15,39.21
2025-10-13,8.83,36.01,41.89,165.19,19.09,43.21,12.09,125.21,38.84
2025-10-14,8.88,35.91,42.79,164.4,19.43,42.76,12.1,127.43,38.39
2025-10-15,8.93,36.1,43.54,166.78,19.84,43.56,12.34,129.69,39.15
2025-10-16,8.97,36.79,43.77,168.1,19.81,43.67,12.19,129.27,39.05
2025-10-17,8.88,36.61,43.6,168.32,20.18,43.3,12.23,130.88,38.73
2025-10-20,8.84,36.77,43.14,172.7,20.16,43.75,12.3,130.71,39.27
2025-10-21,8.88,37.01,44.13,173.56,20.42,43.61,12.36,131.89,39.2
2025-10-22,8.93,37.12,43.51,174.15,20.36,43.69,12.4,130.4,39.24
2025-10-23,9.21,36.99,43.01,171.66,20.84,43.38,12.53,129.9,38.88
2025-10-24,9.15,36.64,43.24,170.37,20.52,43.25,12.51,131.82,38.87
2025-10-27,9.09,36.85,43.54,171.67,20.79,43.54,12.5,133.49,39.11
2025-10-28,9.16,37.1,43.34,174.02,20.72,44.62,12.7,132.72,39.5
2025-10-29,9.16,36.95,43.89,170.4,20.92,43.44,12.78,133.35,38.29
2025-10-30,9.14,36.86,43.88,170.53,21.48,43.65,12.6,133.43,38.33
2025-10-31,9.26,36.65,43.45,171.64,21.29,43.62,12.25,132.87,38.74
2025-11-03,9.12,36.96,43.37,175.54,21.06,44.01,12.37,132.84,39.82
2025-11-04,8.78,36.83,42.54,174.11,20.49,43.79,11.9,129.4,40.42
2025-11-05,8.87,36.84,42.34,176.35,19.97,44.53,11.94,127.84,40.21
2025-11-06,8.95,37.0,43.0,178.57,20.38,43.06,11.96,130.76,39.71
2025-11-07,8.92,36.8,42.65,175.91,20.08,43.44,11.96,129.04,38.98
2025-11-10,9.06,37.98,42.65,174.92,19.93,43.27,11.95,129.79,39.52
2025-11-11,9.19,38.16,42.79,163.4,19.9,42.7,12.23,129.56,40.05
2025-11-12,9.32,38.85,43.06,158.38,19.96,42.67,12.2,132.47,39.86
2025-11-13,9.21,36.94,43.33,160.19,20.44,42.2,12.13,133.65,39.44
2025-11-14,9.21,35.99,42.75,157.3,20.23,41.48,12.1,131.85,38.81
2025-11-17,9.26,36.18,42.48,155.79,20.46,41.47,12.1,132.59,39.03
2025-11-18,9.18,35.85,40.9,153.22,20.05,40.6,11.94,129.08,37.87
2025-11-19,9.2,35.12,40.95,151.3,20.36,40.32,11.78,129.27,37.34
2025-11-20,9.12,35.44,41.72,153.0,21.22,40.88,11.58,132.12,37.75
2025-11-21,9.0,34.9,40.37,153.06,20.06,40.56,11.43,127.85,37.13
2025-11-24,8.99,34.94,40.62,154.96,20.44,40.67,11.7,129.31,37.98
2025-11-25,8.97,34.91,41.01,153.14,21.0,40.63,11.71,132.28,38.02
